Meld,Vendor,Status,Amount,Notes,Payment date,Submission date,Property Name,Unit Full Address,Invoice URL
T9AB1PFB,Mingus Electric llc,Approved,215.00,Replaced range receptacle and checked. Checked furnace for correct voltage as tenant said it wasn't working. Furnace has correct electric voltage.,,01/03/2023 11:50,," 1002 East Main St, UNIT 10 New Albany, IN 47150",https://app.propertymeld.com/1912/m/1912/melds/payments/1181577/summary/
T4EU7CDB,Mingus Electric llc,Approved,213.00,Replaced GFCI in living room and corrected wiring. Checked furnace for operation.,,01/04/2023 09:08,," 5513 Ripple Lane, UNIT 1 Louisville, KY 40218",https://app.propertymeld.com/1912/m/1912/melds/payments/1183311/summary/
T7XHRMD,Deluxe Carpet cleaning,Approved,588.30,,,01/05/2023 14:35,," 4319 Sanders Lane - 149, UNIT 149 Louisville, KY 40216",https://app.propertymeld.com/1912/m/1912/melds/payments/1186466/summary/
TYF6PFD,Deluxe Carpet cleaning,Approved,319.00,,,01/05/2023 14:45,," 3216 Fordhaven Road - 1, UNIT 1 Louisville, KY 40214",https://app.propertymeld.com/1912/m/1912/melds/payments/1186491/summary/
TJRMHEF,Deluxe Carpet cleaning,Approved,319.00,,,01/05/2023 14:56,," 624 Marian Village Dr., UNIT 624 Shelbyville, KY 40065",https://app.propertymeld.com/1912/m/1912/melds/payments/1186512/summary/
TMNC5K7,Mingus Electric llc,Approved,466.00,"Checked unit and panel. Changed 2 breakers that were the incorrect type for the panel  
The door was open to the unit upon arrival
Turned in for inspection 12-6-23",,01/06/2023 09:11,," 1908 Crums Lane - 9, UNIT 9 Louisville, KY 40216",https://app.propertymeld.com/1912/m/1912/melds/payments/1187748/summary/
TTHKZ1,The Pixie Maids,Approved,165.00,,,01/09/2023 17:14,," 111 E O'Bryan Avenue-17, UNIT 17 Bardstown, KY 40004",https://app.propertymeld.com/1912/m/1912/melds/payments/1192537/summary/
T7T65QE,The Pixie Maids,Approved,150.00,Full move out clean. Leak coming from upstairs bathroom to downstate. No hot water at location.,,01/10/2023 15:22,," 864 Marian Village Dr., UNIT 864 Shelbyville, KY 40065",https://app.propertymeld.com/1912/m/1912/melds/payments/1194641/summary/
TA66788,Mingus Electric llc,Approved,221.00,Changed bad twin breaker checked,,01/12/2023 14:34,," 7604 Garrison Road - 5, UNIT 5 Louisville, KY 40214",https://app.propertymeld.com/1912/m/1912/melds/payments/1199068/summary/
TPFN6T3,Mingus Electric llc,Approved,275.00,"Checked panel, turned in for inspection",,01/13/2023 09:25,," 1908 Crums Lane - 7, UNIT 7 Louisville, KY 40216",https://app.propertymeld.com/1912/m/1912/melds/payments/1200305/summary/
TD5VXEQ,Dixie Plumbing,Approved,340.00,,,01/13/2023 11:37,," 4508 Lunenburg Drive, UNIT 1 Louisville, KY 40245",https://app.propertymeld.com/1912/m/1912/melds/payments/1200636/summary/
TVE74UY,Dixie Plumbing,Approved,380.00,,,01/13/2023 11:44,," 12511 East Orell Road - 3, UNIT 3 Louisville, KY 40272",https://app.propertymeld.com/1912/m/1912/melds/payments/1200661/summary/
TWE7DZMB,Dixie Plumbing,Approved,427.00,,,01/13/2023 12:02,," 2922 South 5th Street, UNIT 1 Louisville, KY 40208",https://app.propertymeld.com/1912/m/1912/melds/payments/1200719/summary/
T54JFFJB,Dixie Plumbing,Approved,242.00,,,01/13/2023 12:27,," 864 Marian Village Dr., UNIT 864 Shelbyville, KY 40065",https://app.propertymeld.com/1912/m/1912/melds/payments/1200799/summary/
TXUAJ48,Dixie Plumbing,Approved,382.00,,,01/13/2023 14:44,," 7604 Garrison Road - 4, UNIT 4 Louisville, KY 40214",https://app.propertymeld.com/1912/m/1912/melds/payments/1201166/summary/
T7K9ZF1,Dixie Plumbing,Approved,388.00,,,01/13/2023 17:13,," 3028 Wurtele Avenue, UNIT 1 Louisville, KY 40216",https://app.propertymeld.com/1912/m/1912/melds/payments/1201519/summary/
T331KDX,Dixie Plumbing,Approved,340.00,,,01/13/2023 17:16,," 2918 Slevin Street, UNIT 1 Louisville, KY 40212",https://app.propertymeld.com/1912/m/1912/melds/payments/1201525/summary/
TLT4QY3,Dixie Plumbing,Approved,775.00,,,01/17/2023 11:54,," 4809 Saddlebrook Lane - 3, UNIT 3 Louisville, KY 40216",https://app.propertymeld.com/1912/m/1912/melds/payments/1205498/summary/
TPU839GB,Dixie Plumbing,Approved,410.00,,,01/17/2023 12:24,," 810 West Vine Street - 1, UNIT 1 Radcliff, KY 40160",https://app.propertymeld.com/1912/m/1912/melds/payments/1205567/summary/
TWMI89LB,Dixie Plumbing,Approved,224.00,,,01/17/2023 17:46,," 5423 Ilex Ave, UNIT 1 Louisville, KY 40213",https://app.propertymeld.com/1912/m/1912/melds/payments/1206566/summary/
TG21VTC,Dixie Plumbing,Approved,150.00,,,01/17/2023 18:41,," 2329 Rodman, UNIT 2329 Louisville, KY 40208",https://app.propertymeld.com/1912/m/1912/melds/payments/1206683/summary/
T7YJ7RB,Joe Janitorial,Approved,125.00,,,01/18/2023 12:42,," 4604 Southern Parkway - A16, UNIT A16 Louisville, KY 40214",https://app.propertymeld.com/1912/m/1912/melds/payments/1207794/summary/
T2T1782,Joe Janitorial,Approved,125.00,,,01/19/2023 00:16,," 624 Marian Village Dr., UNIT 624 Shelbyville, KY 40065",https://app.propertymeld.com/1912/m/1912/melds/payments/1209025/summary/
T13DK33,The Pixie Maids,Approved,150.00,,,01/19/2023 15:21,," 300 Keeneland Drive - 1B, UNIT 1B Elizabethtown, KY 42701",https://app.propertymeld.com/1912/m/1912/melds/payments/1210315/summary/
TMNGGJEB,Dixie Plumbing,Approved,290.00,,,01/19/2023 16:04,," 2319 Rodman, UNIT 2319 Louisville, KY 40208",https://app.propertymeld.com/1912/m/1912/melds/payments/1210437/summary/
TY08CDCB,Dixie Plumbing,Approved,461.00,,,01/19/2023 16:14,," 1431 Nightingale Road - 2, UNIT 2 Louisville, KY 40213",https://app.propertymeld.com/1912/m/1912/melds/payments/1210462/summary/
TWQH6HCB,Dixie Plumbing,Approved,448.00,,,01/20/2023 08:36,," 5509 Phoenix Hill Ct, UNIT 1 Louisville, KY 40207",https://app.propertymeld.com/1912/m/1912/melds/payments/1211296/summary/
THPJ4WDB,Dixie Plumbing,Approved,175.00,,,01/20/2023 09:34,," 4121 South 2nd Street, UNIT 1 Louisville, KY 40214",https://app.propertymeld.com/1912/m/1912/melds/payments/1211398/summary/
T9VAGRU,Dixie Plumbing,Approved,1175.00,,,01/20/2023 14:03,," 1002 East Main St, UNIT 9 New Albany, IN 47150",https://app.propertymeld.com/1912/m/1912/melds/payments/1212100/summary/
TICK17HB,Dixie Plumbing,Approved,1275.00,,,01/20/2023 14:09,," 1710 Liberty Bell Way - 4, UNIT 4 Louisville, KY 40215",https://app.propertymeld.com/1912/m/1912/melds/payments/1212112/summary/
T38ALMP,The Pixie Maids,Approved,150.00,,,01/20/2023 18:50,," 160 West Blue Lick Road - 6, UNIT 6 Shepherdsville, KY 40165",https://app.propertymeld.com/1912/m/1912/melds/payments/1212755/summary/
TNMLLPG,Dixie Plumbing,Approved,1700.00,,,01/23/2023 14:47,," 3216 Fordhaven Road - 1, UNIT 1 Louisville, KY 40214",https://app.propertymeld.com/1912/m/1912/melds/payments/1214947/summary/
TR3ZQ6E,Dixie Plumbing,Approved,195.00,,,01/23/2023 14:57,," 12511 East Orell Road - 1, UNIT 1 Louisville, KY 40272",https://app.propertymeld.com/1912/m/1912/melds/payments/1214983/summary/
TW42HZT,Dixie Plumbing,Approved,750.00,,,01/24/2023 11:20,," 4215 Reservoir Avenue, UNIT 1 Louisville, KY 40213",https://app.propertymeld.com/1912/m/1912/melds/payments/1216535/summary/
TGEHW4KB,Mingus Electric llc,Approved,343.00,Tested panel and the voltage was wrong. Tested breaker and meter centers. Replaced main breaker,,01/25/2023 14:42,," 632 Marian Village Dr., UNIT 632 Shelbyville, KY 40065",https://app.propertymeld.com/1912/m/1912/melds/payments/1219170/summary/
T7HW6EHB,The Pixie Maids,Approved,130.00,,,01/25/2023 17:10,," 160 West Blue Lick Road - 9, UNIT 9 Shepherdsville, KY 40165",https://app.propertymeld.com/1912/m/1912/melds/payments/1219601/summary/
TR50Q3R,The Pixie Maids,Approved,500.00,,,01/25/2023 20:18,," 111 E O'Bryan Avenue-21, UNIT 21 Bardstown, KY 40004",https://app.propertymeld.com/1912/m/1912/melds/payments/1219967/summary/
T51T92M,Dixie Plumbing,Approved,500.00,,,01/26/2023 15:04,," 531 East Chestnut Street - 1, UNIT 1 Jeffersonville, IN 47130",https://app.propertymeld.com/1912/m/1912/melds/payments/1221316/summary/
TFFTXLZ,Dixie Plumbing,Approved,368.00,,,01/27/2023 10:47,," 12513 East Orell Road - 1, UNIT 1 Louisville, KY 40272",https://app.propertymeld.com/1912/m/1912/melds/payments/1222632/summary/
TE5ZZDY,Dixie Plumbing,Submitted,266.00,,,01/27/2023 10:52,," 4208 Taylor Boulevard - 1, UNIT 1 Louisville, KY 40215",https://app.propertymeld.com/1912/m/1912/melds/payments/1222645/summary/
TBDQZY7,Dixie Plumbing,Approved,270.00,,,01/31/2023 15:20,," 160 West Blue Lick Road - 2, UNIT 2 Shepherdsville, KY 40165",https://app.propertymeld.com/1912/m/1912/melds/payments/1228070/summary/
TRAEJNU,Dixie Plumbing,Approved,412.00,,,01/31/2023 15:29,," 4319 Sanders Lane - 111, UNIT 111 Louisville, KY 40216",https://app.propertymeld.com/1912/m/1912/melds/payments/1228087/summary/
T7T0LKKB,Dixie Plumbing,Approved,416.00,,,01/31/2023 15:42,," 810 West Vine Street - 3, UNIT 3 Radcliff, KY 40160",https://app.propertymeld.com/1912/m/1912/melds/payments/1228124/summary/
TF7AE3W,Dixie Plumbing,Approved,470.00,,,01/31/2023 15:46,," 813 Laurel Drive, UNIT 1 Jeffersonville, IN 47130",https://app.propertymeld.com/1912/m/1912/melds/payments/1228134/summary/
TBTXLA9,Dixie Plumbing,Approved,340.00,,,01/31/2023 15:51,," 6712 Stana Dr, UNIT 1 Louisville, KY 40258",https://app.propertymeld.com/1912/m/1912/melds/payments/1228147/summary/
T3KEB7Q,The Pixie Maids,Approved,320.00,,,01/31/2023 18:52,," 620 Marian Village Dr., UNIT 620 Shelbyville, KY 40065",https://app.propertymeld.com/1912/m/1912/melds/payments/1228613/summary/
T359W6HB,Joe Janitorial,Approved,150.00,,,02/01/2023 16:06,," 1429 Nightingale Road - 2, UNIT 2 Louisville, KY 40213",https://app.propertymeld.com/1912/m/1912/melds/payments/1230345/summary/
T95AN4KB,Joe Janitorial,Approved,125.00,,,02/02/2023 11:34,," 1002 East Main St, UNIT 23 New Albany, IN 47150",https://app.propertymeld.com/1912/m/1912/melds/payments/1231708/summary/
TNDGVIGB,Dixie Plumbing,Approved,192.00,,,02/03/2023 11:20,," 216 East 13th Street- 3, UNIT 3 New Albany, IN 47150",https://app.propertymeld.com/1912/m/1912/melds/payments/1233583/summary/
TVD0U2B,Joe Janitorial,Approved,125.00,,,02/06/2023 13:11,," 4522 Winnrose Way 122, UNIT 122 Louisville, KY 40211",https://app.propertymeld.com/1912/m/1912/melds/payments/1236713/summary/
TEDET58,Joe Janitorial,Approved,150.00,,,02/06/2023 15:11,," 1039 Louis Coleman Junior Drive, UNIT 1 Louisville, KY 40211",https://app.propertymeld.com/1912/m/1912/melds/payments/1237076/summary/
TVP8RYP,Joe Janitorial,Approved,125.00,,,02/07/2023 11:58,," 402 North Hite Avenue 6A, UNIT 6A Louisville, KY 40206",https://app.propertymeld.com/1912/m/1912/melds/payments/1238604/summary/
TNHJVYN,Joe Janitorial,Approved,125.00,,,02/08/2023 10:13,," 184 Cannon Court - 3, UNIT 3 Louisville, KY 40229",https://app.propertymeld.com/1912/m/1912/melds/payments/1240412/summary/
TTUVD0Q,Joe Janitorial,Approved,125.00,,,02/08/2023 10:14,," 184 Cannon Court - 4, UNIT 4 Louisville, KY 40229",https://app.propertymeld.com/1912/m/1912/melds/payments/1240415/summary/
TZHPE2DB,Deluxe Carpet cleaning,Approved,84.75,,,02/09/2023 12:59,," 2430 McKindree Ct-105, UNIT 2430-105 Louisville, KY 40211",https://app.propertymeld.com/1912/m/1912/melds/payments/1243097/summary/
TNYMRFIB,Deluxe Carpet cleaning,Approved,148.35,,,02/09/2023 13:01,," 1711 Valley Forge Way - 2, UNIT 2 Louisville, KY 40215",https://app.propertymeld.com/1912/m/1912/melds/payments/1243108/summary/
TKYP33Z,Deluxe Carpet cleaning,Approved,651.90,,,02/09/2023 13:11,," 1709 Valley Forge Way - 2, UNIT 2 Louisville, KY 40215",https://app.propertymeld.com/1912/m/1912/melds/payments/1243138/summary/
TUTQ232,Deluxe Carpet cleaning,Approved,471.70,,,02/09/2023 13:15,," 2513 Dixie Highway - 1, UNIT 1 Louisville, KY 40216",https://app.propertymeld.com/1912/m/1912/melds/payments/1243148/summary/
T786HWD,Deluxe Carpet cleaning,Approved,190.75,,,02/09/2023 13:18,," 2430 McKindree Ct-209, UNIT 2420-209 Louisville, KY 40211",https://app.propertymeld.com/1912/m/1912/melds/payments/1243158/summary/
TDI3AQJ,Deluxe Carpet cleaning,Approved,127.15,,,02/09/2023 14:17,," 4728 Southern Parkway - 10, UNIT 10 Louisville, KY 40214",https://app.propertymeld.com/1912/m/1912/melds/payments/1243325/summary/
TFQ49FX,The Pixie Maids,Approved,180.00,,,02/12/2023 16:23,," 111 E O'Bryan Avenue -3, UNIT 3 Bardstown, KY 40004",https://app.propertymeld.com/1912/m/1912/melds/payments/1246819/summary/
TZ3FUUAB,Dixie Plumbing,Approved,462.00,,,02/13/2023 15:07,," 4903 Saddlebrook Lane - 1, UNIT 1 Louisville, KY 40216",https://app.propertymeld.com/1912/m/1912/melds/payments/1248125/summary/
T1NNH6AB,Dixie Plumbing,Approved,2648.00,,,02/13/2023 15:11,," 2511 Dixie Highway - 1, UNIT 1 Louisville, KY 40216",https://app.propertymeld.com/1912/m/1912/melds/payments/1248144/summary/
TWPQT7BB,Dixie Plumbing,Approved,272.00,,,02/13/2023 15:29,," 111 E O'Bryan Avenue -10, UNIT 10 Bardstown, KY 40004",https://app.propertymeld.com/1912/m/1912/melds/payments/1248212/summary/
TICWYLF,Mingus Electric llc,Approved,581.00,"Cleaned bird's nest out, tested all breakers and replaced 3 -100 amp breakers",,02/14/2023 16:37,," 3409 Prestwood Drive - 1, UNIT 1 Louisville, KY 40219",https://app.propertymeld.com/1912/m/1912/melds/payments/1250490/summary/
TC3RX00,The Pixie Maids,Approved,130.00,,,02/15/2023 15:21,," 160 West Blue Lick Road - 6, UNIT 6 Shepherdsville, KY 40165",https://app.propertymeld.com/1912/m/1912/melds/payments/1252068/summary/
TREM0JY,Joe Janitorial,Approved,150.00,,,02/16/2023 08:49,," 131 South 38th Street, UNIT 1 Louisville, KY 40212",https://app.propertymeld.com/1912/m/1912/melds/payments/1253075/summary/
TEQY4R5,Dixie Plumbing,Approved,288.00,,,02/16/2023 11:06,," 512 Marian Village Dr., UNIT 512 Shelbyville, KY 40065",https://app.propertymeld.com/1912/m/1912/melds/payments/1253346/summary/
TQHB9MEB,Dixie Plumbing,Approved,1175.00,,,02/16/2023 11:13,," 300 Keeneland Drive - 1A, UNIT 1A Elizabethtown, KY 42701",https://app.propertymeld.com/1912/m/1912/melds/payments/1253362/summary/
TMX5Z97,Dixie Plumbing,Approved,749.00,,,02/16/2023 11:21,," 2729 Montana Ave, UNIT Unit 1 Louisville, KY 40208",https://app.propertymeld.com/1912/m/1912/melds/payments/1253393/summary/
TMK6DKL,Dixie Plumbing,Approved,160.00,,,02/16/2023 11:24,," 4813 Saddlebrook Lane - 2, UNIT 2 Louisville, KY 40216",https://app.propertymeld.com/1912/m/1912/melds/payments/1253403/summary/
T1E1KAC,Dixie Plumbing,Approved,350.00,,,02/16/2023 11:26,," 4901 Saddlebrook Lane - 1, UNIT 1 Louisville, KY 40216",https://app.propertymeld.com/1912/m/1912/melds/payments/1253412/summary/
TE9YQGNB,Dixie Plumbing,Approved,544.00,,,02/16/2023 11:32,," 3216 Fordhaven Road - 4, UNIT 4 Louisville, KY 40214",https://app.propertymeld.com/1912/m/1912/melds/payments/1253432/summary/
T8G3LJF,Dixie Plumbing,Approved,160.00,,,02/16/2023 11:37,," 6712 Stana Dr, UNIT 1 Louisville, KY 40258",https://app.propertymeld.com/1912/m/1912/melds/payments/1253445/summary/
T5W3DG2,Dixie Plumbing,Approved,195.00,,,02/16/2023 11:40,," 3800 Alameter Dr., UNIT 1 Louisville, KY 40258",https://app.propertymeld.com/1912/m/1912/melds/payments/1253454/summary/
TZYF9D8,Dixie Plumbing,Approved,276.00,,,02/16/2023 11:43,," 4315 Southern Parkway - 4, UNIT 4 Louisville, KY 40214",https://app.propertymeld.com/1912/m/1912/melds/payments/1253461/summary/
TMQ3D48,Joe Janitorial,Approved,150.00,,,02/17/2023 12:25,," 1431 Nightingale Road - 1, UNIT 1 Louisville, KY 40213",https://app.propertymeld.com/1912/m/1912/melds/payments/1255560/summary/
TK1NL46,The Pixie Maids,Approved,175.00,,,02/18/2023 15:19,," 750 Marian Village Dr., UNIT 750 Shelbyville, KY 40065",https://app.propertymeld.com/1912/m/1912/melds/payments/1256862/summary/
T4BZ6RW,The Pixie Maids,Approved,150.00,,,02/18/2023 15:20,," 740 Marian Village Dr., UNIT 740 Shelbyville, KY 40065",https://app.propertymeld.com/1912/m/1912/melds/payments/1256863/summary/
T9P9D2MB,Joe Janitorial,Approved,125.00,,,02/21/2023 10:59,," 253 Cecil Avenue - 3, UNIT 3 Louisville, KY 40212",https://app.propertymeld.com/1912/m/1912/melds/payments/1259679/summary/
T2MG09Y,Joe Janitorial,Approved,150.00,,,02/21/2023 13:22,," 2323 Rodman, UNIT 2323 Louisville, KY 40208",https://app.propertymeld.com/1912/m/1912/melds/payments/1260060/summary/
TVIGJAE,Joe Janitorial,Approved,180.00,,,02/22/2023 13:36,," 3811 Carpenter Drive - 4, UNIT 4 Louisville, KY 40229",https://app.propertymeld.com/1912/m/1912/melds/payments/1262079/summary/
T97X86MB,Joe Janitorial,Approved,175.00,Refrigerator was extremely dirty with spoil food in it and stove was extra dirty,,02/24/2023 11:51,," 914 South Hancock Street - 914, UNIT 914 Louisville, KY 40203",https://app.propertymeld.com/1912/m/1912/melds/payments/1265598/summary/
THL6CEHB,Joe Janitorial,Approved,100.00,I added a extra $25 for gas for the extra trips I had to make to the property,,02/27/2023 09:53,," 4902 Saddlebrook Lane - 5, UNIT 5 Louisville, KY 40216",https://app.propertymeld.com/1912/m/1912/melds/payments/1267929/summary/
TQY96RCB,Dixie Plumbing,Approved,196.00,,,02/27/2023 13:03,," 1705 Valley Forge Way - 2, UNIT 2 Louisville, KY 40215",https://app.propertymeld.com/1912/m/1912/melds/payments/1268465/summary/
TE1YKAJ,Dixie Plumbing,Approved,492.00,,,02/27/2023 13:16,," 3541 Lisbon ln, UNIT 1 Louisville, KY 40218",https://app.propertymeld.com/1912/m/1912/melds/payments/1268506/summary/
TQKRFKM,Dixie Plumbing,Approved,752.00,,,02/27/2023 13:19,," 2515 Dixie Highway - 1, UNIT 1 Shively, KY 40216",https://app.propertymeld.com/1912/m/1912/melds/payments/1268515/summary/
TQ60HPGB,Dixie Plumbing,Approved,257.00,,,02/27/2023 13:25,," 1568 Illinois Road - 5, UNIT 5 Radcliff, KY 40160",https://app.propertymeld.com/1912/m/1912/melds/payments/1268527/summary/
TUAKZZIB,Dixie Plumbing,Approved,262.00,,,02/27/2023 13:31,," 2515 Dixie Highway - 2, UNIT 2 Shively, KY 40216",https://app.propertymeld.com/1912/m/1912/melds/payments/1268543/summary/
T5YLXAJ,Dixie Plumbing,Approved,195.00,,,02/27/2023 13:33,," 3508 Janell Road, UNIT 1 Louisville, KY 40216",https://app.propertymeld.com/1912/m/1912/melds/payments/1268550/summary/
TQW0FKW,Dixie Plumbing,Approved,160.00,,,02/27/2023 13:37,," 3409 Prestwood Drive - 3, UNIT 3 Louisville, KY 40219",https://app.propertymeld.com/1912/m/1912/melds/payments/1268563/summary/
T0AHQ16,Dixie Plumbing,Approved,195.00,,,02/27/2023 14:19,," 1417 South 3rd Street - 1, UNIT 1 Louisville, KY 40208",https://app.propertymeld.com/1912/m/1912/melds/payments/1268694/summary/
TL2ZMAKB,Dixie Plumbing,Approved,292.00,,,02/28/2023 09:32,," 2010 Floradora Dr, UNIT 1 Louisville, KY 40272",https://app.propertymeld.com/1912/m/1912/melds/payments/1270123/summary/
TA43075,Joe Janitorial,Approved,150.00,,,02/28/2023 11:20,," 1017 South Shelby Street, UNIT 1 Louisville, KY 40203",https://app.propertymeld.com/1912/m/1912/melds/payments/1270412/summary/
TG2Y3IKB,The Pixie Maids,Approved,220.00,,,02/28/2023 16:55,," 304 Keeneland Drive - 2B, UNIT 2B Elizabethtown, KY 42701",https://app.propertymeld.com/1912/m/1912/melds/payments/1271544/summary/
T1FWDJMB,Dixie Plumbing,Approved,249.00,,,03/02/2023 15:19,," 1744 Dixdale Avenue, UNIT 1 Louisville, KY 40210",https://app.propertymeld.com/1912/m/1912/melds/payments/1275907/summary/
TRNTBABB,Dixie Plumbing,Approved,339.00,,,03/02/2023 15:22,," 2729 Montana Ave, UNIT Unit 1 Louisville, KY 40208",https://app.propertymeld.com/1912/m/1912/melds/payments/1275913/summary/
T1MFAE3,Dixie Plumbing,Approved,272.00,,,03/02/2023 15:24,," 2311 Rodman, UNIT 2311 Louisville, KY 40208",https://app.propertymeld.com/1912/m/1912/melds/payments/1275922/summary/
T1H9GGV,Dixie Plumbing,Approved,245.00,,,03/02/2023 15:26,," 1035 Baxter Ave - 3, UNIT 3 Louisville, KY 40204",https://app.propertymeld.com/1912/m/1912/melds/payments/1275926/summary/
TL3N4I0,Dixie Plumbing,Approved,195.00,,,03/02/2023 15:31,," 3409 Prestwood Drive - 3, UNIT 3 Louisville, KY 40219",https://app.propertymeld.com/1912/m/1912/melds/payments/1275940/summary/
TM3IHKQ,Dixie Plumbing,Approved,2645.00,,,03/02/2023 15:42,," 4730 Southern Parkway - 6, UNIT 6 Louisville, KY 40214",https://app.propertymeld.com/1912/m/1912/melds/payments/1275971/summary/
TP3Y1ZF,Dixie Plumbing,Approved,2340.00,,,03/02/2023 15:45,," 1743 Culbertson Avenue, UNIT 5 New Albany, IN 47150",https://app.propertymeld.com/1912/m/1912/melds/payments/1275986/summary/
TA9URER,The Pixie Maids,Approved,275.00,"Excessive build up on Baseboards. Walls. Etc. 
Lots of cat hair. 

There are a couple of broken blinds. The fridge cannot be cleaned entirely due to pieces unable to be taken apart.",,03/04/2023 22:59,," 752 Marian Village Dr., UNIT 752 Shelbyville, KY 40065",https://app.propertymeld.com/1912/m/1912/melds/payments/1279114/summary/
TCV96AK,The Pixie Maids,Approved,150.00,Re cleaning of bathroom was needed. Floors cleaned.,,03/04/2023 23:01,," 750 Marian Village Dr., UNIT 750 Shelbyville, KY 40065",https://app.propertymeld.com/1912/m/1912/melds/payments/1279115/summary/
T06RDFJB,Dixie Plumbing,Approved,430.00,,,03/08/2023 16:42,," 1601 Gagel Avenue - 15, UNIT 15 Louisville, KY 40216",https://app.propertymeld.com/1912/m/1912/melds/payments/1285514/summary/
T5GZ6X7,Dixie Plumbing,Approved,468.00,"03/07/23 01:25 PM by Tim Peterson
Bathroom sink of unit 3 backing up when upstairs uses sink. On arrival, tested bathroom sink and sink is draining very slow. Pulled trap off and ran sink machine in line approximately 15 ft multiple times. Got stuck and had to extract cable by cutting the drain line off and working the cable out of the drain line manually. Freed cable and found that line has roots. Pulled back roots on the cable. Repiped drain line. Ran water in sink and sink is draining properly. Cleaned up work area. Would recommend running a camera down line or thru clean out outside to see the extent of the root intrusion.",,03/08/2023 16:46,," 12511 East Orell Road - 3, UNIT 3 Louisville, KY 40272",https://app.propertymeld.com/1912/m/1912/melds/payments/1285529/summary/
T1MRHMDB,Dixie Plumbing,Approved,195.00,"03/06/23 05:48 PM by Alex Jeter
I went to the water heater and wire both wires for the reset switch together with a wire nut. I turned on the water heater and everything is working properly. Clean up and told the tenant that it is working.",,03/08/2023 17:03,," 5217 Kilmer Boulevard, UNIT 1 Louisville, KY 40213",https://app.propertymeld.com/1912/m/1912/melds/payments/1285581/summary/
TX7DALP,Dixie Plumbing,Approved,482.00,,,03/08/2023 17:13,," 333 Mechanic Street, UNIT 1 Jeffersonville, IN 47130",https://app.propertymeld.com/1912/m/1912/melds/payments/1285608/summary/
TCU8KNL,Dixie Plumbing,Approved,292.00,,,03/08/2023 17:19,," 1429 Nightingale Road - 2, UNIT 2 Louisville, KY 40213",https://app.propertymeld.com/1912/m/1912/melds/payments/1285623/summary/
TFM3AYC,Dixie Plumbing,Approved,482.00,,,03/08/2023 17:22,," 216 East 13th Street- 3, UNIT 3 New Albany, IN 47150",https://app.propertymeld.com/1912/m/1912/melds/payments/1285631/summary/
TGKA9NR,Bluegrass Stumps LLC ,Approved,850.00,Tree job completed 3-9-2023,,03/09/2023 20:33,," 9711 Polaris Dr, UNIT 1 Louisville, KY 40229",https://app.propertymeld.com/1912/m/1912/melds/payments/1288085/summary/
TY5ZDH5,Mingus Electric llc,Approved,210.00,"Checked refrigerator, stove, and hall outlets. Checked operation, Could not get it to trip breaker.",,03/10/2023 08:12,," 1747 East Oak Street - 1, UNIT 1 New Albany, IN 47150",https://app.propertymeld.com/1912/m/1912/melds/payments/1288377/summary/
TRHU1W4,Dixie Plumbing,Approved,269.00,,,03/10/2023 13:18,," 4604 Southern Parkway - A2, UNIT A2 Louisville, KY 40214",https://app.propertymeld.com/1912/m/1912/melds/payments/1289066/summary/
T61KYQC,Dixie Plumbing,Approved,195.00,,,03/10/2023 13:31,," 4604 Southern Parkway - A4, UNIT A4 Louisville, KY 40214",https://app.propertymeld.com/1912/m/1912/melds/payments/1289090/summary/
TEN92YM,"Baker's Heating & Air Conditioning, Inc",Approved,294.00,,,03/10/2023 15:44,," 623 S 44th Street -2, UNIT 623-2 Louisville, KY 40211",https://app.propertymeld.com/1912/m/1912/melds/payments/1289388/summary/
TPUJB6KB,Joe Janitorial,Approved,85.00,,,03/12/2023 12:26,," 126 Sanctuary Drive, UNIT 1 Shepherdsville, KY 40165",https://app.propertymeld.com/1912/m/1912/melds/payments/1290565/summary/
TZ2HCWH,The Pixie Maids,Approved,150.00,,,03/13/2023 11:25,," 111 E O'Bryan Avenue - 5, UNIT 5 Bardstown, KY 40004",https://app.propertymeld.com/1912/m/1912/melds/payments/1291353/summary/
TCXWFNHB,The Pixie Maids,Approved,150.00,,,03/13/2023 11:27,," 111 E O'Bryan Avenue-30, UNIT 30 Bardstown, KY 40004",https://app.propertymeld.com/1912/m/1912/melds/payments/1291359/summary/
TEGID1M,The Pixie Maids,Approved,150.00,,,03/13/2023 11:27,," 111 E O'Bryan Avenue-23, UNIT 23 Bardstown, KY 40004",https://app.propertymeld.com/1912/m/1912/melds/payments/1291361/summary/
T2CUYUD,The Pixie Maids,Approved,150.00,,,03/14/2023 20:44,," 160 West Blue Lick Road - 4, UNIT 4 Shepherdsville, KY 40165",https://app.propertymeld.com/1912/m/1912/melds/payments/1294947/summary/
T10YM7CB,Bluegrass Stumps LLC ,Approved,200.00,"Thank you .
Job completed.",,03/14/2023 20:45,," 3325 Goldsmith Lane, UNIT 1 Louisville, KY 40220",https://app.propertymeld.com/1912/m/1912/melds/payments/1294951/summary/
TPN1JDEB,Dixie Plumbing,Approved,378.00,,,03/15/2023 09:33,," 744 Marian Village Dr., UNIT 744 Shelbyville, KY 40065",https://app.propertymeld.com/1912/m/1912/melds/payments/1295409/summary/
TKUXZ50,Dixie Plumbing,Approved,312.00,,,03/15/2023 09:38,," 1603 Gagel Avenue - 4, UNIT 4 Louisville, KY 40216",https://app.propertymeld.com/1912/m/1912/melds/payments/1295422/summary/
T84BMJI,Dixie Plumbing,Approved,195.00,,,03/15/2023 09:42,," 170 Gillette Avenue A, UNIT A Louisville, KY 40214",https://app.propertymeld.com/1912/m/1912/melds/payments/1295426/summary/
TE0M29MB,Dixie Plumbing,Approved,275.00,,,03/15/2023 09:48,," 3216 Fordhaven Road - 2, UNIT 2 Louisville, KY 40214",https://app.propertymeld.com/1912/m/1912/melds/payments/1295444/summary/
T5U764B,Dixie Plumbing,Approved,372.00,,,03/15/2023 10:08,," 111 E O'Bryan Avenue-34, UNIT 34 Bardstown, KY 40004",https://app.propertymeld.com/1912/m/1912/melds/payments/1295480/summary/
TK94NZJB,Dixie Plumbing,Approved,822.00,,,03/15/2023 10:13,," 1431 Nightingale Road - 1, UNIT 1 Louisville, KY 40213",https://app.propertymeld.com/1912/m/1912/melds/payments/1295489/summary/
TCXEL8LB,Dixie Plumbing,Approved,288.00,,,03/15/2023 12:43,," 810 West Vine Street - 1, UNIT 1 Radcliff, KY 40160",https://app.propertymeld.com/1912/m/1912/melds/payments/1295878/summary/
TWW6B1IB,"Baker's Heating & Air Conditioning, Inc",Approved,477.00,,,03/15/2023 15:27,," 607 S 44th Street - 4, UNIT 607-4 Louisville, KY 40211",https://app.propertymeld.com/1912/m/1912/melds/payments/1296302/summary/
TML0V86,Bluegrass Stumps LLC ,Approved,275.00,"Job completed.
Thank you",,03/15/2023 20:31,," 4625 Oak Pointe Drive, UNIT 1 Louisville, KY 40245",https://app.propertymeld.com/1912/m/1912/melds/payments/1297000/summary/
T7NVVQ7,"Baker's Heating & Air Conditioning, Inc",Approved,513.00,NO REFRIGERANT REMAINING IN AC.  NEED TO ADDRESS/REPLACE IN WARMER WEATHER.,,03/17/2023 15:09,," 611 S 44th Street -2, UNIT 611-2 Louisville, KY 40211",https://app.propertymeld.com/1912/m/1912/melds/payments/1300382/summary/
T5L9H8Z,"Baker's Heating & Air Conditioning, Inc",Approved,574.35,,,03/17/2023 15:51,," 607 S 44th Street - 2, UNIT 607-2 Louisville, KY 40211",https://app.propertymeld.com/1912/m/1912/melds/payments/1300460/summary/
T0FELHK,Bluegrass Stumps LLC ,Approved,300.00,Job has been completed,,03/19/2023 21:44,," 254 Eldorado Avenue, UNIT 1 Louisville, KY 40218",https://app.propertymeld.com/1912/m/1912/melds/payments/1301752/summary/
TYP133W,Dixie Plumbing,Approved,195.00,,,03/21/2023 09:11,," 500 Marian Village Dr., UNIT 500 Shelbyville, KY 40065",https://app.propertymeld.com/1912/m/1912/melds/payments/1304227/summary/
TAX2VUBB,Dixie Plumbing,Approved,1450.00,,,03/21/2023 09:15,," 925 Washington Way, UNIT 1 Jeffersonville, IN 47130",https://app.propertymeld.com/1912/m/1912/melds/payments/1304233/summary/
TQLP1UC,Dixie Plumbing,Approved,539.00,,,03/21/2023 09:20,," 623 S 44th Street -1, UNIT 623-1 Louisville, KY 40211",https://app.propertymeld.com/1912/m/1912/melds/payments/1304238/summary/
TLL16YV,Dixie Plumbing,Approved,770.00,,,03/21/2023 09:27,," 4730 Southern Parkway - 17, UNIT 17 Louisville, KY 40214",https://app.propertymeld.com/1912/m/1912/melds/payments/1304254/summary/
TZB3TKU,Dixie Plumbing,Approved,1275.00,,,03/21/2023 09:30,," 4604 Southern Parkway - B1, UNIT B1 Louisville, KY 40214",https://app.propertymeld.com/1912/m/1912/melds/payments/1304264/summary/
TJFT62T,Dixie Plumbing,Approved,461.00,,,03/21/2023 09:37,," 4405 Kern Court - 2, UNIT 2 Louisville, KY 40218",https://app.propertymeld.com/1912/m/1912/melds/payments/1304275/summary/
T7Q9PGK,Dixie Plumbing,Approved,160.00,,,03/21/2023 09:42,," 9410 Michael Edward Drive, UNIT 1 Louisville, KY 40291",https://app.propertymeld.com/1912/m/1912/melds/payments/1304283/summary/
T0AZCDEB,Dixie Plumbing,Approved,244.00,,,03/22/2023 10:49,," 601 Revolutionary Road - 5, UNIT 5 Louisville, KY 40214",https://app.propertymeld.com/1912/m/1912/melds/payments/1306553/summary/
TRTHUAGB,Dixie Plumbing,Approved,224.00,,,03/22/2023 11:05,," 210 West Blue Lick Road - 1, UNIT 1 Shepherdsville, KY 40165",https://app.propertymeld.com/1912/m/1912/melds/payments/1306599/summary/
T6TTIEC,"Baker's Heating & Air Conditioning, Inc",Approved,68.00,ESTIMATE PROVIDED FOR REPLACEMENT,,03/24/2023 07:54,," 2515 Dixie Highway - 4, UNIT 4 Shively, KY 40216",https://app.propertymeld.com/1912/m/1912/melds/payments/1310350/summary/
TMQDJ17,"Baker's Heating & Air Conditioning, Inc",Submitted,0.01,This is the estimate for the replacement of the 4 units - heat pump only (plus a coil cleaning on each).  I have an estimate to replace the air handler/coil also if you would like to see that.,,03/24/2023 13:23,," 2511 Dixie Highway - 1, UNIT 1 Louisville, KY 40216",https://app.propertymeld.com/1912/m/1912/melds/payments/1310970/summary/
T5V3Q8AB,The Pixie Maids,Approved,150.00,,,03/26/2023 17:19,," 304 Keeneland Drive - 1B, UNIT 1B Elizabethtown, KY 42701",https://app.propertymeld.com/1912/m/1912/melds/payments/1312686/summary/
TAPYQFU,Dixie Plumbing,Approved,1550.00,,,03/28/2023 11:28,," 810 West Vine Street - 1, UNIT 1 Radcliff, KY 40160",https://app.propertymeld.com/1912/m/1912/melds/payments/1315704/summary/
TQYVYPT,Dixie Plumbing,Approved,300.00,,,03/28/2023 11:33,," 810 West Vine Street - 1, UNIT 1 Radcliff, KY 40160",https://app.propertymeld.com/1912/m/1912/melds/payments/1315712/summary/
TGVGM85,Dixie Plumbing,Approved,388.00,,,03/28/2023 11:39,," 3800 Alameter Dr., UNIT 1 Louisville, KY 40258",https://app.propertymeld.com/1912/m/1912/melds/payments/1315731/summary/
TN1URXD,Dixie Plumbing,Approved,194.00,,,03/28/2023 11:43,," 2718 Rockford Lane - 1, UNIT 1 Louisville, KY 40216",https://app.propertymeld.com/1912/m/1912/melds/payments/1315745/summary/
TUFF4I9,Dixie Plumbing,Approved,358.00,,,03/28/2023 11:47,," 12611 East Orell Road - 4, UNIT 4 Louisville, KY 40272",https://app.propertymeld.com/1912/m/1912/melds/payments/1315759/summary/
T3YPPPBB,Dixie Plumbing,Approved,1175.00,,,03/28/2023 17:39,," 1014 Goss Avenue, UNIT 1 Louisville, KY 40217",https://app.propertymeld.com/1912/m/1912/melds/payments/1316843/summary/
TQ77VEG,Dixie Plumbing,Approved,292.00,,,03/28/2023 17:41,," 4901 Saddlebrook Lane - 2, UNIT 2 Louisville, KY 40216",https://app.propertymeld.com/1912/m/1912/melds/payments/1316854/summary/
TUY9GIHB,Dixie Plumbing,Approved,482.00,,,03/28/2023 17:43,," 2513 Date Street, UNIT 1 Louisville, KY 40210",https://app.propertymeld.com/1912/m/1912/melds/payments/1316859/summary/
THZAY3R,Dixie Plumbing,Approved,388.00,,,03/28/2023 17:45,," 2307 Rodman, UNIT 2307 Louisville, KY 40208",https://app.propertymeld.com/1912/m/1912/melds/payments/1316867/summary/
TMT6QYQ,Dixie Plumbing,Approved,338.00,,,03/28/2023 17:48,," 12513 East Orell Road - 2, UNIT 2 Louisville, KY 40272",https://app.propertymeld.com/1912/m/1912/melds/payments/1316875/summary/
T9X326J,Dixie Plumbing,Approved,220.00,,,03/28/2023 17:51,," 625 S 44th Street -6, UNIT 625-6 Louisville, KY 40211",https://app.propertymeld.com/1912/m/1912/melds/payments/1316881/summary/
T0F4ZF9,Dixie Plumbing,Approved,238.00,,,03/28/2023 17:55,," 1705 Valley Forge Way - 2, UNIT 2 Louisville, KY 40215",https://app.propertymeld.com/1912/m/1912/melds/payments/1316887/summary/
TZRN72H,Dixie Plumbing,Approved,235.00,,,03/28/2023 17:57,," 1232 Carrico Avenue, UNIT 1 Louisville, KY 40215",https://app.propertymeld.com/1912/m/1912/melds/payments/1316894/summary/
T9KFK11,Bluegrass Stumps LLC ,Approved,1600.00,Job is done,,03/30/2023 17:04,," 3912 Banks Street, UNIT 1 Louisville, KY 40212",https://app.propertymeld.com/1912/m/1912/melds/payments/1321235/summary/
TZH2QZ7,Bluegrass Stumps LLC ,Approved,1500.00,"Job has been completed
4/2/2023",,04/02/2023 19:54,," 1431 Nightingale Road - 1, UNIT 1 Louisville, KY 40213",https://app.propertymeld.com/1912/m/1912/melds/payments/1324613/summary/
TPDC3HZ,Mingus Electric llc,Approved,248.00,Trouble shoot and change breaker for refrigerator as it was burnt. Busbar in panel damaged. Refrigerator outlet works now,,04/03/2023 14:06,," 1709 Valley Forge Way - 1, UNIT 1 Louisville, KY 40215",https://app.propertymeld.com/1912/m/1912/melds/payments/1325910/summary/
TXJ6FU4,"Baker's Heating & Air Conditioning, Inc",Approved,3622.50,,,04/03/2023 16:31,," 2515 Dixie Highway - 4, UNIT 4 Shively, KY 40216",https://app.propertymeld.com/1912/m/1912/melds/payments/1326429/summary/
TVX8J9LB,Dixie Plumbing,Approved,1204.00,,,04/04/2023 15:57,," 1603 Gagel Avenue - 1, UNIT 1 Louisville, KY 40216",https://app.propertymeld.com/1912/m/1912/melds/payments/1328745/summary/
TFK69C4,Dixie Plumbing,Approved,176.00,,,04/04/2023 15:59,," 12511 East Orell Road - 1, UNIT 1 Louisville, KY 40272",https://app.propertymeld.com/1912/m/1912/melds/payments/1328751/summary/
T3YUM15,Dixie Plumbing,Approved,1175.00,,,04/04/2023 16:03,," 1431 Nightingale Road - 2, UNIT 2 Louisville, KY 40213",https://app.propertymeld.com/1912/m/1912/melds/payments/1328763/summary/
TT8L7NKB,Dixie Plumbing,Approved,320.00,,,04/04/2023 16:07,," 4902 Saddlebrook Lane - 1, UNIT 1 Louisville, KY 40216",https://app.propertymeld.com/1912/m/1912/melds/payments/1328773/summary/
TI90NPIB,Dixie Plumbing,Approved,340.00,,,04/04/2023 16:09,," 810 West Vine Street - 1, UNIT 1 Radcliff, KY 40160",https://app.propertymeld.com/1912/m/1912/melds/payments/1328778/summary/
T3JM10EB,Dixie Plumbing,Approved,485.00,,,04/04/2023 16:13,," 730 Zane Street, UNIT 730 Louisville, KY 40203",https://app.propertymeld.com/1912/m/1912/melds/payments/1328796/summary/
TY3R2E4,Dixie Plumbing,Approved,442.00,,,04/04/2023 16:16,," 4524 Winnrose Way 227, UNIT 227 Louisville, KY 40211",https://app.propertymeld.com/1912/m/1912/melds/payments/1328810/summary/
T09W9BU,Dixie Plumbing,Approved,160.00,,,04/04/2023 16:19,," 4903 Saddlebrook Lane - 4, UNIT 4 Louisville, KY 40216",https://app.propertymeld.com/1912/m/1912/melds/payments/1328816/summary/
TD4XK0DB,Dixie Plumbing,Approved,257.00,,,04/04/2023 16:22,," 1240 Algonquin Parkway, UNIT 1 Louisville, KY 40208",https://app.propertymeld.com/1912/m/1912/melds/payments/1328822/summary/
TJJPKTB,Dixie Plumbing,Approved,368.00,,,04/04/2023 16:24,," 230 West Blue Lick Road - 4, UNIT 4 Shepherdsville, KY 40165",https://app.propertymeld.com/1912/m/1912/melds/payments/1328825/summary/
TYFAYHDB,"Baker's Heating & Air Conditioning, Inc",Approved,68.00,FURNACE OK WE WILL SEND PRICE ON REPLACEMENT AC,,04/05/2023 16:34,," 611 S 44th Street -3, UNIT 611-3 Louisville, KY 40211",https://app.propertymeld.com/1912/m/1912/melds/payments/1331181/summary/
TY04XNIB,Mingus Electric llc,Approved,273.00,Troubleshooting and replace receptacle in bedroom,,04/06/2023 14:59,," 4901 Saddlebrook Lane - 2, UNIT 2 Louisville, KY 40216",https://app.propertymeld.com/1912/m/1912/melds/payments/1333104/summary/
T7LJ37T,Bluegrass Stumps LLC ,Approved,450.00,,,04/06/2023 20:21,," 3606 Baymeadow Dr., UNIT 1 Louisville, KY 40258",https://app.propertymeld.com/1912/m/1912/melds/payments/1333872/summary/
T8ZRNTG,The Pixie Maids,Approved,450.00,,,04/07/2023 08:44,," 18214 Hickory Woods Place, UNIT 1 Fisherville, KY 40023",https://app.propertymeld.com/1912/m/1912/melds/payments/1334305/summary/
TC9VV1J,Joe Janitorial,Approved,150.00,,,04/07/2023 13:50,," 1038 West Whitney Avenue, UNIT 1 Louisville, KY 40215",https://app.propertymeld.com/1912/m/1912/melds/payments/1334981/summary/
TB9AFBZ,Dixie Plumbing,Approved,327.00,,,04/07/2023 14:35,," 5712 Emmalee Drive, UNIT 1 Louisville, KY 40219",https://app.propertymeld.com/1912/m/1912/melds/payments/1335079/summary/
T3BF0YI,Dixie Plumbing,Approved,320.00,,,04/07/2023 14:39,," 4604 Southern Parkway - A2, UNIT A2 Louisville, KY 40214",https://app.propertymeld.com/1912/m/1912/melds/payments/1335086/summary/
T5JAPLN,Dixie Plumbing,Approved,224.00,,,04/07/2023 14:43,," 12511 East Orell Road - 1, UNIT 1 Louisville, KY 40272",https://app.propertymeld.com/1912/m/1912/melds/payments/1335098/summary/
T1W8IWEB,Dixie Plumbing,Approved,244.00,,,04/07/2023 14:45,," 10786 Millers Lane, UNIT 1 Louisville, KY 40272",https://app.propertymeld.com/1912/m/1912/melds/payments/1335104/summary/
T552NYDB,Dixie Plumbing,Approved,229.00,,,04/07/2023 14:50,," 1970 North Preston Highway, UNIT 1 Shepherdsville, KY 40165",https://app.propertymeld.com/1912/m/1912/melds/payments/1335131/summary/
TYRL941,The Pixie Maids,Approved,200.00,,,04/10/2023 21:35,," 160 West Blue Lick Road - 7, UNIT 7 Shepherdsville, KY 40165",https://app.propertymeld.com/1912/m/1912/melds/payments/1338843/summary/
TWKEF62,The Pixie Maids,Approved,275.00,,,04/10/2023 21:36,," 210 West Blue Lick Road - 5, UNIT 5 Shepherdsville, KY 40165",https://app.propertymeld.com/1912/m/1912/melds/payments/1338845/summary/
TCD0QLY,Mingus Electric llc,Approved,362.00,Troubleshoot replace gfci wired incorrect,,04/11/2023 14:54,," 4604 Southern Parkway - A4, UNIT A4 Louisville, KY 40214",https://app.propertymeld.com/1912/m/1912/melds/payments/1340172/summary/
TBFY1XGB,"Baker's Heating & Air Conditioning, Inc",Approved,732.00,,,04/12/2023 07:29,," 623 S 44th Street -2, UNIT 623-2 Louisville, KY 40211",https://app.propertymeld.com/1912/m/1912/melds/payments/1341590/summary/
TBNAUQGB,Dixie Plumbing,Approved,160.00,,,04/12/2023 14:07,," 1857 Heaton Rd, UNIT 1 Louisville, KY 40216",https://app.propertymeld.com/1912/m/1912/melds/payments/1342634/summary/
T6X8IB4,Mingus Electric llc,Approved,270.00,Checked all exterior lights and checked for power at 2 light fixtures going up the steps that were not working. Need to replace 2 lights,,04/13/2023 09:32,," 4604 Southern Parkway - A1, UNIT A1 Louisville, KY 40214",https://app.propertymeld.com/1912/m/1912/melds/payments/1344060/summary/
TK4ILRH,Bluegrass Stumps LLC ,Approved,750.00,,,04/13/2023 15:37,," 3541 Lisbon ln, UNIT 1 Louisville, KY 40218",https://app.propertymeld.com/1912/m/1912/melds/payments/1345122/summary/
TNFZD41,Bluegrass Stumps LLC ,Approved,1900.00,Job completed 4-13-23,,04/13/2023 20:14,," 7507 St Andrews Rd, UNIT Unit 1 Louisville, KY 40214",https://app.propertymeld.com/1912/m/1912/melds/payments/1345813/summary/
TWCTG7EB,Mingus Electric llc,Approved,278.00,Check entire circuit and replaced bad receptacle,,04/19/2023 13:38,," 9345 Taylorsville Rd. - 18, UNIT 18 Louisville, KY 40299",https://app.propertymeld.com/1912/m/1912/melds/payments/1354593/summary/
TCHWCBH,Bluegrass Stumps LLC ,Approved,850.00,,,04/22/2023 18:33,," 707 Kentucky Avenue, UNIT 1 Louisville, KY 40222",https://app.propertymeld.com/1912/m/1912/melds/payments/1360531/summary/
TCNF9F7,Dixie Plumbing,Approved,220.00,,,04/24/2023 09:58,," 627 S 44th Street -4, UNIT 627-4 Louisville, KY 40211",https://app.propertymeld.com/1912/m/1912/melds/payments/1361509/summary/
TTNA7ZW,Dixie Plumbing,Approved,338.00,,,04/24/2023 10:06,," 4901 Saddlebrook Lane - 2, UNIT 2 Louisville, KY 40216",https://app.propertymeld.com/1912/m/1912/melds/payments/1361527/summary/
TPV4EL7,Dixie Plumbing,Approved,160.00,,,04/24/2023 10:09,," 7602 Garrison Road - 15, UNIT 15 Louisville, KY 40214",https://app.propertymeld.com/1912/m/1912/melds/payments/1361536/summary/
TXVJHD,Dixie Plumbing,Approved,495.00,,,04/24/2023 10:17,," 1948 East Oak Street, UNIT 1 New Albany, IN 47150",https://app.propertymeld.com/1912/m/1912/melds/payments/1361563/summary/
TYZIPILB,Dixie Plumbing,Approved,1280.00,,,04/24/2023 10:28,," 6221 Eureka Avenue, UNIT 1 Louisville, KY 40216",https://app.propertymeld.com/1912/m/1912/melds/payments/1361585/summary/
T1TBPQAB,Dixie Plumbing,Approved,285.00,,,04/24/2023 10:31,," 621 Westport Road, UNIT 12 Elizabethtown, KY 42701",https://app.propertymeld.com/1912/m/1912/melds/payments/1361597/summary/
T26UHYEB,Dixie Plumbing,Approved,485.00,,,04/24/2023 10:33,," 4604 Southern Parkway - A6, UNIT A6 Louisville, KY 40214",https://app.propertymeld.com/1912/m/1912/melds/payments/1361603/summary/
T1WQ1U7,Dixie Plumbing,Approved,226.00,,,04/24/2023 10:54,," 5206 Monticello Avenue, UNIT 1 Louisville, KY 40218",https://app.propertymeld.com/1912/m/1912/melds/payments/1361659/summary/
TGT0Z71,Bluegrass Stumps LLC ,Approved,750.00,"Job has been completed
Thank you",,04/25/2023 21:17,," 3918 Baymeadow Dr., UNIT 1 Louisville, KY 40258",https://app.propertymeld.com/1912/m/1912/melds/payments/1365708/summary/
TUP65HM,Bluegrass Stumps LLC ,Approved,600.00,,,04/25/2023 21:18,," 7507 St Andrews Rd, UNIT Unit 1 Louisville, KY 40214",https://app.propertymeld.com/1912/m/1912/melds/payments/1365711/summary/
TTYVGM7,Dixie Plumbing,Approved,392.00,,,04/26/2023 12:48,," 1601 Gagel Avenue - 17, UNIT 17 Louisville, KY 40216",https://app.propertymeld.com/1912/m/1912/melds/payments/1366633/summary/
TUU4Q6Z,Dixie Plumbing,Approved,189.00,,,04/26/2023 12:52,," 4730 Southern Parkway - 9, UNIT 9 Louisville, KY 40214",https://app.propertymeld.com/1912/m/1912/melds/payments/1366643/summary/
TVKCRPW,Dixie Plumbing,Approved,723.00,,,04/26/2023 12:57,," 4903 Saddlebrook Lane - 4, UNIT 4 Louisville, KY 40216",https://app.propertymeld.com/1912/m/1912/melds/payments/1366661/summary/
T7JZPA1,Dixie Plumbing,Approved,404.00,,,04/26/2023 12:59,," 2430 McKindree Ct-206, UNIT 2430-206 Louisville, KY 40211",https://app.propertymeld.com/1912/m/1912/melds/payments/1366666/summary/
TEHP476,Dixie Plumbing,Approved,236.00,,,04/26/2023 13:15,," 129 East Wampum Avenue, UNIT 1 Louisville, KY 40214",https://app.propertymeld.com/1912/m/1912/melds/payments/1366708/summary/
T1TKM1KB,Dixie Plumbing,Approved,398.00,,,04/26/2023 13:27,," 9418 Chambers Way, UNIT Unit 1 Louisville, KY 40229",https://app.propertymeld.com/1912/m/1912/melds/payments/1366749/summary/
T28W2FP,Dixie Plumbing,Approved,285.00,,,04/26/2023 13:30,," 925 Washington Way, UNIT 1 Jeffersonville, IN 47130",https://app.propertymeld.com/1912/m/1912/melds/payments/1366766/summary/
TFI2LXP,Dixie Plumbing,Approved,160.00,,,04/26/2023 14:35,," 402 North Hite Avenue, UNIT 3B Louisville, KY 40206",https://app.propertymeld.com/1912/m/1912/melds/payments/1366936/summary/
TE1KZ14,Dixie Plumbing,Approved,188.00,,,04/26/2023 14:37,," 3028 Wurtele Avenue, UNIT 1 Louisville, KY 40216",https://app.propertymeld.com/1912/m/1912/melds/payments/1366946/summary/
TI3U7NT,Dixie Plumbing,Approved,96.00,,,04/26/2023 14:44,," 1240 Algonquin Parkway, UNIT 1 Louisville, KY 40208",https://app.propertymeld.com/1912/m/1912/melds/payments/1366965/summary/
TEC0M3GB,Dixie Plumbing,Approved,496.00,,,04/26/2023 14:53,," 1747 East Oak Street - 1, UNIT 1 New Albany, IN 47150",https://app.propertymeld.com/1912/m/1912/melds/payments/1366995/summary/
T4IQYMGB,Dixie Plumbing,Approved,272.00,,,04/26/2023 14:57,," 639 Merwin Avenue, UNIT 1 Louisville, KY 40217",https://app.propertymeld.com/1912/m/1912/melds/payments/1367015/summary/
TK15CFC,Dixie Plumbing,Approved,413.00,,,04/26/2023 15:00,," 1002 East Main St, UNIT 20 New Albany, IN 47150",https://app.propertymeld.com/1912/m/1912/melds/payments/1367030/summary/
T59X0GY,Dixie Plumbing,Approved,460.00,,,04/26/2023 15:03,," 10786 Millers Lane, UNIT 1 Louisville, KY 40272",https://app.propertymeld.com/1912/m/1912/melds/payments/1367048/summary/
T5FFMGF,Dixie Plumbing,Approved,185.00,,,04/26/2023 15:35,," 7602 Garrison Road - 16, UNIT 16 Louisville, KY 40214",https://app.propertymeld.com/1912/m/1912/melds/payments/1367140/summary/
TCLJD9DB,Dixie Plumbing,Approved,185.00,,,04/26/2023 15:38,," 342 Alger Avenue, UNIT Unit 1 Louisville, KY 40214",https://app.propertymeld.com/1912/m/1912/melds/payments/1367151/summary/
TV7NKRY,Dixie Plumbing,Approved,239.00,,,04/26/2023 15:42,," 1021 West Whitney Avenue, UNIT 1 Louisville, KY 40215",https://app.propertymeld.com/1912/m/1912/melds/payments/1367166/summary/
T06QDGBB,Dixie Plumbing,Approved,1175.00,,,04/26/2023 15:49,," 2718 Rockford Lane - 1, UNIT 1 Louisville, KY 40216",https://app.propertymeld.com/1912/m/1912/melds/payments/1367184/summary/
TNT7AIL,Bluegrass Stumps LLC ,Approved,200.00,Job has been completed,,04/26/2023 17:40,," 184 Cannon Court - 2, UNIT 2 Louisville, KY 40229",https://app.propertymeld.com/1912/m/1912/melds/payments/1367533/summary/
TE6IJBJ,"Anytime Roofing & Repairs, LLC",Submitted,5600.00,,,04/27/2023 19:27,," 5208 Johnsontown Road, UNIT 1 Louisville, KY 40272",https://app.propertymeld.com/1912/m/1912/melds/payments/1370059/summary/
TEHIHDR,Dixie Plumbing,Approved,165.00,,,05/03/2023 18:24,," 2718 Rockford Lane - 3, UNIT 3 Louisville, KY 40216",https://app.propertymeld.com/1912/m/1912/melds/payments/1380310/summary/
TDK5GD8,Dixie Plumbing,Approved,635.00,,,05/03/2023 18:26,," 4733 South 3rd Street - 2, UNIT 2 Louisville, KY 40214",https://app.propertymeld.com/1912/m/1912/melds/payments/1380314/summary/
TC5RIMK,Dixie Plumbing,Approved,1275.00,,,05/03/2023 18:28,," 627 S 44th Street -2, UNIT 627-2 Louisville, KY 40211",https://app.propertymeld.com/1912/m/1912/melds/payments/1380321/summary/
T8FL6RJ,Dixie Plumbing,Approved,280.00,,,05/03/2023 18:30,," 4909 Saddlebrook Lane - 1, UNIT 1 Louisville, KY 40216",https://app.propertymeld.com/1912/m/1912/melds/payments/1380325/summary/
TPDV8DGB,Dixie Plumbing,Approved,480.00,,,05/03/2023 18:32,," 5355 New Cut Rd., UNIT 1 Louisville, KY 40214",https://app.propertymeld.com/1912/m/1912/melds/payments/1380331/summary/
T46G2KJ,Dixie Plumbing,Approved,297.00,,,05/03/2023 18:34,," 4217 Grand Avenue, UNIT 1 Louisville, KY 40211",https://app.propertymeld.com/1912/m/1912/melds/payments/1380335/summary/
T66KLTU,Dixie Plumbing,Approved,285.00,,,05/03/2023 18:39,," 402 North Hite Avenue, UNIT 1B Louisville, KY 40206",https://app.propertymeld.com/1912/m/1912/melds/payments/1380341/summary/
TVTLKGG,Dixie Plumbing,Approved,207.00,,,05/03/2023 18:41,," 254 Eldorado Avenue, UNIT 1 Louisville, KY 40218",https://app.propertymeld.com/1912/m/1912/melds/payments/1380345/summary/
TYD5P9L,The Pixie Maids,Approved,225.00,,,05/06/2023 22:43,," 300 Keeneland Drive - 2A, UNIT 2A Elizabethtown, KY 42701",https://app.propertymeld.com/1912/m/1912/melds/payments/1385818/summary/
TA0WFKV,Dixie Plumbing,Approved,194.00,,,05/11/2023 16:08,," 1737 Culbertson Avenue - 1, UNIT 1 New Albany, IN 47150",https://app.propertymeld.com/1912/m/1912/melds/payments/1395454/summary/
TZ0JZ4G,Dixie Plumbing,Approved,160.00,,,05/11/2023 16:10,," 2335 Rodman, UNIT 2335 Louisville, KY 40208",https://app.propertymeld.com/1912/m/1912/melds/payments/1395459/summary/
T8UKR18,Dixie Plumbing,Approved,209.00,,,05/11/2023 16:12,," 639 Merwin Avenue, UNIT 1 Louisville, KY 40217",https://app.propertymeld.com/1912/m/1912/melds/payments/1395469/summary/
T736T4AB,Dixie Plumbing,Approved,244.00,,,05/11/2023 16:14,," 170 Gillette Avenue A, UNIT A Louisville, KY 40214",https://app.propertymeld.com/1912/m/1912/melds/payments/1395479/summary/
TKITLMJ,Dixie Plumbing,Approved,495.00,,,05/11/2023 16:25,," 3912 East Pages Ln., UNIT 1 Louisville, KY 40272",https://app.propertymeld.com/1912/m/1912/melds/payments/1395510/summary/
TYYP8GY,Dixie Plumbing,Approved,405.00,,,05/11/2023 16:37,," 4625 Oak Pointe Drive, UNIT 1 Louisville, KY 40245",https://app.propertymeld.com/1912/m/1912/melds/payments/1395541/summary/
TBJWZTHB,Dixie Plumbing,Approved,378.00,,,05/11/2023 16:48,," 810 West Vine Street - 1, UNIT 1 Radcliff, KY 40160",https://app.propertymeld.com/1912/m/1912/melds/payments/1395572/summary/
TTI1U0EB,Dixie Plumbing,Approved,237.00,,,05/11/2023 16:54,," 300 Keeneland Drive - 1B, UNIT 1B Elizabethtown, KY 42701",https://app.propertymeld.com/1912/m/1912/melds/payments/1395589/summary/
TW6WI7DB,Dixie Plumbing,Approved,348.00,,,05/11/2023 17:14,," 601 Revolutionary Road - 2, UNIT 2 Louisville, KY 40214",https://app.propertymeld.com/1912/m/1912/melds/payments/1395655/summary/
TC06UTY,Greenlight electric,Approved,115.00,Repaired plugs that were not working.,,05/11/2023 17:16,," 1429 Nightingale Road - 1, UNIT 1 Louisville, KY 40213",https://app.propertymeld.com/1912/m/1912/melds/payments/1395665/summary/
T1UA94J,Dixie Plumbing,Approved,186.00,,,05/11/2023 17:20,," 111 E O'Bryan Avenue -6, UNIT 6 Bardstown, KY 40004",https://app.propertymeld.com/1912/m/1912/melds/payments/1395678/summary/
TA48Z8KB,Greenlight electric,Approved,175.00,Changed outlet in bathroom.,,05/12/2023 12:10,," 4604 Southern Parkway - B7, UNIT B7 Louisville, KY 40214",https://app.propertymeld.com/1912/m/1912/melds/payments/1396946/summary/
TWND9WN,LREI Turns,Approved,130.00,,,05/16/2023 10:12,," 652 South 38th Street, UNIT 1 Louisville, KY 40211",https://app.propertymeld.com/1912/m/1912/melds/payments/1402254/summary/
TX0P025,Dixie Plumbing,Approved,210.00,,,05/16/2023 10:36,," 1920 Bank Street, UNIT 1 Louisville, KY 40203",https://app.propertymeld.com/1912/m/1912/melds/payments/1402328/summary/
TTIQ76T,Mingus Electric llc,Approved,182.00,"Checked entire unit, change breaker",,05/17/2023 09:33,," 7607 Garrison Road - 12, UNIT 12 Louisville, KY 40214",https://app.propertymeld.com/1912/m/1912/melds/payments/1404658/summary/
TBLKTHL,Dixie Plumbing,Approved,482.00,,,05/17/2023 12:20,," 1948 East Oak Street, UNIT 1 New Albany, IN 47150",https://app.propertymeld.com/1912/m/1912/melds/payments/1405153/summary/
TJMQM1IB,Dixie Plumbing,Approved,375.00,,,05/17/2023 12:26,," 4903 Saddlebrook Lane - 5, UNIT 5 Louisville, KY 40216",https://app.propertymeld.com/1912/m/1912/melds/payments/1405170/summary/
T07XA87,Dixie Plumbing,Approved,242.00,,,05/17/2023 12:28,," 1710 Liberty Bell Way - 2, UNIT 2 Louisville, KY 40215",https://app.propertymeld.com/1912/m/1912/melds/payments/1405177/summary/
T1AC569,Dixie Plumbing,Approved,264.00,,,05/17/2023 12:30,," 12611 East Orell Road - 1, UNIT 1 Louisville, KY 40272",https://app.propertymeld.com/1912/m/1912/melds/payments/1405185/summary/
T476LFK,Mingus Electric llc,Approved,242.00,Traced ac circuit and changed breaker,,05/18/2023 10:26,," 647 1/2 S 44th Street -2, UNIT 647.5-2 Louisville, KY 40211",https://app.propertymeld.com/1912/m/1912/melds/payments/1407300/summary/
T9Z6FWL,Bluegrass Stumps LLC ,Approved,1250.00,"Job has been completed. 
Thank you.",,05/20/2023 12:04,," 1621 Haskin Avenue, UNIT 1 Louisville, KY 40215",https://app.propertymeld.com/1912/m/1912/melds/payments/1411604/summary/
TH6679HB,Dixie Plumbing,Approved,510.00,,,05/24/2023 17:35,," 10786 Millers Lane, UNIT 1 Louisville, KY 40272",https://app.propertymeld.com/1912/m/1912/melds/payments/1419361/summary/
T3V1C0KB,Dixie Plumbing,Approved,194.00,,,05/26/2023 13:05,," 300 Keeneland Drive - 2A, UNIT 2A Elizabethtown, KY 42701",https://app.propertymeld.com/1912/m/1912/melds/payments/1423516/summary/
T8J11FF,Dixie Plumbing,Approved,305.00,,,05/26/2023 13:13,," 627 S 44th Street -4, UNIT 627-4 Louisville, KY 40211",https://app.propertymeld.com/1912/m/1912/melds/payments/1423560/summary/
T2LUNIL,Dixie Plumbing,Approved,297.00,,,05/26/2023 13:15,," 1312 Lillian Avenue, UNIT 1 Louisville, KY 40208",https://app.propertymeld.com/1912/m/1912/melds/payments/1423569/summary/
T8U7CXT,Dixie Plumbing,Approved,337.00,,,05/26/2023 13:22,," 4909 Saddlebrook Lane - 1, UNIT 1 Louisville, KY 40216",https://app.propertymeld.com/1912/m/1912/melds/payments/1423588/summary/
TQ6KEH9,Dixie Plumbing,Approved,292.00,,,05/26/2023 13:24,," 3320 Bardstown Road - V10, UNIT V10 Louisville, KY 40218",https://app.propertymeld.com/1912/m/1912/melds/payments/1423592/summary/
TQR9TQ5,Dixie Plumbing,Approved,302.00,,,05/26/2023 13:35,," 1743 Culbertson Avenue, UNIT 113 New Albany, IN 47150",https://app.propertymeld.com/1912/m/1912/melds/payments/1423647/summary/
TFDUCLJ,Dixie Plumbing,Approved,1600.00,,,05/26/2023 13:40,," 111 E O'Bryan Avenue -26, UNIT 26 Bardstown, KY 40004",https://app.propertymeld.com/1912/m/1912/melds/payments/1423669/summary/
TVDGVL2,Dixie Plumbing,Approved,468.00,,,05/26/2023 13:44,," 2606 West Jefferson Street, UNIT 1 Louisville, KY 40212",https://app.propertymeld.com/1912/m/1912/melds/payments/1423684/summary/
T3FFPKFB,Dixie Plumbing,Approved,272.00,,,05/26/2023 13:47,," 2430 McKindree Ct-102, UNIT 2430-102 Louisville, KY 40211",https://app.propertymeld.com/1912/m/1912/melds/payments/1423695/summary/
T24H6FD,Dixie Plumbing,Approved,125.00,,,05/26/2023 14:43,," 12613 East Orell Road - 1, UNIT 1 Louisville, KY 40272",https://app.propertymeld.com/1912/m/1912/melds/payments/1423863/summary/
TTGVGY5,Dixie Plumbing,Approved,125.00,,,05/26/2023 14:51,," 12615 East Orell Road - 1, UNIT 1 Louisville, KY 40272",https://app.propertymeld.com/1912/m/1912/melds/payments/1423890/summary/
TJ14FF2,Mingus Electric llc,Approved,210.00,"Circuit in working order, just overloaded circuit with large appliances",,05/29/2023 10:23,," 5219 Garden Green Way, UNIT 1 Louisville, KY 40218",https://app.propertymeld.com/1912/m/1912/melds/payments/1425903/summary/
T0HKPGR,Mingus Electric llc,Approved,330.00,Checked wiring connections at all 3 outside lights checked bathroom outlets for operation all good,,05/31/2023 14:31,," 8300 Candleglow Lane, UNIT 1 Louisville, KY 40214",https://app.propertymeld.com/1912/m/1912/melds/payments/1431215/summary/
TH419EE,Dixie Plumbing,Approved,410.00,,,06/02/2023 13:43,," 402 North Hite Avenue, UNIT 1B Louisville, KY 40206",https://app.propertymeld.com/1912/m/1912/melds/payments/1436868/summary/
TKT4VT8,Dixie Plumbing,Approved,242.00,,,06/02/2023 15:39,," 1208 Queen Avenue, UNIT 1 Louisville, KY 40215",https://app.propertymeld.com/1912/m/1912/melds/payments/1437259/summary/
TBWW9MEB,Dixie Plumbing,Approved,242.00,,,06/02/2023 15:41,," 5219 Garden Green Way, UNIT 1 Louisville, KY 40218",https://app.propertymeld.com/1912/m/1912/melds/payments/1437266/summary/
T18WG0V,Dixie Plumbing,Approved,140.00,,,06/02/2023 15:43,," 4902 Saddlebrook Lane - 1, UNIT 1 Louisville, KY 40216",https://app.propertymeld.com/1912/m/1912/melds/payments/1437276/summary/
TYUEAHK,Dixie Plumbing,Approved,231.00,,,06/02/2023 15:47,," 627 S 44th Street -4, UNIT 627-4 Louisville, KY 40211",https://app.propertymeld.com/1912/m/1912/melds/payments/1437289/summary/
T2VQUPDB,Dixie Plumbing,Approved,195.00,,,06/02/2023 15:49,," 2311 Rodman, UNIT 2311 Louisville, KY 40208",https://app.propertymeld.com/1912/m/1912/melds/payments/1437299/summary/
TK4Z9HAB,Dixie Plumbing,Approved,574.00,,,06/02/2023 15:53,," 2515 Dixie Highway - 2, UNIT 2 Shively, KY 40216",https://app.propertymeld.com/1912/m/1912/melds/payments/1437317/summary/
T9D108EB,Dixie Plumbing,Approved,250.00,,,06/02/2023 15:55,," 1810 Magazine Street, UNIT 1 Louisville, KY 40203",https://app.propertymeld.com/1912/m/1912/melds/payments/1437327/summary/
T8DZG1AB,"Baker's Heating & Air Conditioning, Inc",Approved,3588.25,2nd invoice added for replacement of AC on 6/8/23,,06/05/2023 07:16,," 1810 Fust Avenue, UNIT 1 Louisville, KY 40216",https://app.propertymeld.com/1912/m/1912/melds/payments/1439473/summary/
TYXI95JB,Dixie Plumbing,Approved,460.00,,,06/07/2023 11:34,," 4909 Saddlebrook Lane - 2, UNIT 2 Louisville, KY 40216",https://app.propertymeld.com/1912/m/1912/melds/payments/1445730/summary/
T3BGI5T,Dixie Plumbing,Approved,1682.00,,,06/07/2023 11:45,," 3308 Ethelwood Drive, UNIT 1 Louisville, KY 40299",https://app.propertymeld.com/1912/m/1912/melds/payments/1445765/summary/
TCB75TKB,Dixie Plumbing,Approved,285.00,,,06/07/2023 12:53,," 3944 South 3rd Street - 2, UNIT 3944-2 Louisville, KY 40214",https://app.propertymeld.com/1912/m/1912/melds/payments/1446011/summary/
TTK9ILCB,Dixie Plumbing,Approved,466.00,,,06/07/2023 12:58,," 4730 Southern Parkway - 2, UNIT 2 Louisville, KY 40214",https://app.propertymeld.com/1912/m/1912/melds/payments/1446023/summary/
TIV479P,Dixie Plumbing,Approved,302.00,,,06/07/2023 13:00,," 1221 Homeview Drive, UNIT 1 Louisville, KY 40215",https://app.propertymeld.com/1912/m/1912/melds/payments/1446028/summary/
TXLTGBG,Dixie Plumbing,Approved,604.00,,,06/07/2023 13:02,," 1417 South 3rd Street - 1, UNIT 1 Louisville, KY 40208",https://app.propertymeld.com/1912/m/1912/melds/payments/1446036/summary/
TA3B38HB,Dixie Plumbing,Approved,292.00,,,06/07/2023 13:04,," 170 Gillette Avenue A, UNIT A Louisville, KY 40214",https://app.propertymeld.com/1912/m/1912/melds/payments/1446045/summary/
TJDZ8ZI,Mingus Electric llc,Approved,210.00,Closed the contacts on the meter base and checked house,,06/07/2023 14:49,," 1732 South 23rd Street - 1, UNIT 1 Louisville, KY 40210",https://app.propertymeld.com/1912/m/1912/melds/payments/1446401/summary/
TGN4APGB,Mingus Electric llc,Approved,230.00,Changed ac disconnect and checked for power,,06/07/2023 15:26,," 625 S 44th Street -5, UNIT 625-5 Louisville, KY 40211",https://app.propertymeld.com/1912/m/1912/melds/payments/1446541/summary/
T3TH4IKB,Bluegrass Stumps LLC ,Approved,1100.00,Job completed,,06/17/2023 19:10,," 707 Kentucky Avenue, UNIT 1 Louisville, KY 40222",https://app.propertymeld.com/1912/m/1912/melds/payments/1465588/summary/
T0946ENB,Dixie Plumbing,Approved,236.00,"06/19/23 10:43 AM by Alex Jeter

I went to the kitchen sink, and the drain was backing up. I ran the cable machine through multiple times and pulled back sluge. I ran lots of hot water and everything is working properly. I clean up and fixed nut for the tuber and no more leaks. I put a bottle of thrift down the drain and everything is draining properly. Next I went to the bathroom sink drain and everything is draining properly. I went to the tub and it's getting hot water. I found that the handle need to be tight up and everything is working properly. I clean up and told the tenant that everything was working properly.",,06/19/2023 11:51,," 4217 Grand Avenue, UNIT 1 Louisville, KY 40211",https://app.propertymeld.com/1912/m/1912/melds/payments/1466638/summary/
TH1VL01,Dixie Plumbing,Approved,790.00,,,06/19/2023 12:00,," 4604 Southern Parkway - B4, UNIT B4 Louisville, KY 40214",https://app.propertymeld.com/1912/m/1912/melds/payments/1466661/summary/
T7706KR,Dixie Plumbing,Approved,345.00,,,06/19/2023 12:02,," 4604 Southern Parkway - A1, UNIT A1 Louisville, KY 40214",https://app.propertymeld.com/1912/m/1912/melds/payments/1466665/summary/
TY8R8DJ,Dixie Plumbing,Approved,185.00,,,06/19/2023 12:04,," 127 South 43rd Street, UNIT 1 Louisville, KY 40212",https://app.propertymeld.com/1912/m/1912/melds/payments/1466670/summary/
THL7D29,Dixie Plumbing,Approved,272.00,,,06/19/2023 12:06,," 111 E O'Bryan Avenue-28, UNIT 28 Bardstown, KY 40004",https://app.propertymeld.com/1912/m/1912/melds/payments/1466676/summary/
TJJ4GAY,Dixie Plumbing,Approved,1750.00,,,06/19/2023 12:09,," 4730 Southern Parkway - 1, UNIT 1 Louisville, KY 40214",https://app.propertymeld.com/1912/m/1912/melds/payments/1466688/summary/
TR6PPIK,Dixie Plumbing,Approved,685.00,,,06/19/2023 12:18,," 10786 Millers Lane, UNIT 1 Louisville, KY 40272",https://app.propertymeld.com/1912/m/1912/melds/payments/1466714/summary/
TKNZIJ8,Dixie Plumbing,Approved,1450.00,,,06/19/2023 12:28,," 111 E O'Bryan Avenue-20, UNIT 20 Bardstown, KY 40004",https://app.propertymeld.com/1912/m/1912/melds/payments/1466739/summary/
TCCUFKR,Dixie Plumbing,Approved,284.00,,,06/19/2023 12:39,," 1429 Nightingale Road - 1, UNIT 1 Louisville, KY 40213",https://app.propertymeld.com/1912/m/1912/melds/payments/1466791/summary/
TKM11X4,Dixie Plumbing,Approved,272.00,,,06/19/2023 12:41,," 9806 Saturn Dr, UNIT 1 Louisville, KY 40229",https://app.propertymeld.com/1912/m/1912/melds/payments/1466799/summary/
TA6RWUZ,Mingus Electric llc,Approved,270.00,"Checked panel, junction boxes in attic, meter center, after finding  andlabeling correct meter. There is not a meter installed to give power to the unit",,06/20/2023 09:21,," 7604 Garrison Road - 6, UNIT 6 Louisville, KY 40214",https://app.propertymeld.com/1912/m/1912/melds/payments/1468580/summary/
T3U09JP,Complete Landscaping & Lighting,Approved,765.00,,,06/20/2023 09:27,," 216 East 13th Street- 1, UNIT 1 New Albany, IN 47150",https://app.propertymeld.com/1912/m/1912/melds/payments/1468593/summary/
TTW9VGU,Complete Landscaping & Lighting,Approved,1225.00,,,06/20/2023 09:27,," 1002 East Main St, UNIT 23 New Albany, IN 47150",https://app.propertymeld.com/1912/m/1912/melds/payments/1468596/summary/
TD2M8WZ,Complete Landscaping & Lighting,Approved,635.00,,,06/20/2023 09:28,," 2512 Woodland Court, UNIT 2512 Jeffersonville, IN 47130",https://app.propertymeld.com/1912/m/1912/melds/payments/1468600/summary/
T09I5GAB,Complete Landscaping & Lighting,Approved,225.00,,,06/21/2023 08:31,," 10408 Torrington Road - 1, UNIT 1 Louisville, KY 40272",https://app.propertymeld.com/1912/m/1912/melds/payments/1471012/summary/
T97JM5KB,Complete Landscaping & Lighting,Approved,400.00,,,06/21/2023 10:08,," 410 North 21st Street, UNIT 1 Louisville, KY 40212",https://app.propertymeld.com/1912/m/1912/melds/payments/1471197/summary/
T2D860E,Mingus Electric llc,Approved,459.00,"fixed multiple reverse polarity outlets, loose connections and bad switches.. living room front door switches, back door switches, bath gfci",,06/21/2023 16:21,," 6604-6606 Miles Avenue - 6604, UNIT 6604 Louisville, KY 40214",https://app.propertymeld.com/1912/m/1912/melds/payments/1472438/summary/
TWI8J7DB,Mingus Electric llc,Approved,213.00,replaced 3 way switch and rewire as it was,,06/21/2023 16:23,," 601 Revolutionary Road - 5, UNIT 5 Louisville, KY 40214",https://app.propertymeld.com/1912/m/1912/melds/payments/1472445/summary/
TRWGMPU,Complete Landscaping & Lighting,Approved,300.00,,,06/21/2023 18:01,," 253 Cecil Avenue - 1, UNIT 1 Louisville, KY 40212",https://app.propertymeld.com/1912/m/1912/melds/payments/1472720/summary/
TE3XPCFB,Complete Landscaping & Lighting,Approved,465.00,,,06/21/2023 19:15,," 2607 West Main Street - 1, UNIT 1 Louisville, KY 40212",https://app.propertymeld.com/1912/m/1912/melds/payments/1472940/summary/
TVZQ0RGB,Mingus Electric llc,Approved,274.00,"replaced bedroom tv outlet, tightened panel connections",,06/22/2023 21:04,," 1601 Gagel Avenue - 15, UNIT 15 Louisville, KY 40216",https://app.propertymeld.com/1912/m/1912/melds/payments/1475548/summary/
TMLTM33,Mingus Electric llc,Approved,330.00,"wiring connections burnt in basement junction box, reconnected and tested all outlets",,06/22/2023 21:06,," 609 S 44th Street -5, UNIT 609-5 Louisville, KY 40211",https://app.propertymeld.com/1912/m/1912/melds/payments/1475552/summary/
TLJ3JH6,Bluegrass Stumps LLC ,Approved,2800.00,Job gas been completed pictures available upon request.,,06/24/2023 16:37,," 4300 Cathay Court, UNIT 1 Louisville, KY 40219",https://app.propertymeld.com/1912/m/1912/melds/payments/1478523/summary/
TC8RJJX,Mingus Electric llc,Approved,210.00,Pulled meter specified and put it in the correct location to power unit 6. Tested entire unit. Kitchen gfcis did not work,,06/26/2023 20:20,," 7604 Garrison Road - 6, UNIT 6 Louisville, KY 40214",https://app.propertymeld.com/1912/m/1912/melds/payments/1481727/summary/
TNTN93D,Dixie Plumbing,Approved,335.00,,,06/28/2023 16:19,," 4524 Winnrose Way 128, UNIT 128 Louisville, KY 40211",https://app.propertymeld.com/1912/m/1912/melds/payments/1486586/summary/
TMUGF8D,Dixie Plumbing,Approved,484.00,,,06/28/2023 16:23,," 2513 Date Street, UNIT 1 Louisville, KY 40210",https://app.propertymeld.com/1912/m/1912/melds/payments/1486600/summary/
TXH0LV9,Dixie Plumbing,Approved,261.00,,,06/28/2023 16:26,," 300 Keeneland Drive - 2B, UNIT 2B Elizabethtown, KY 42701",https://app.propertymeld.com/1912/m/1912/melds/payments/1486610/summary/
TQGA0D,Dixie Plumbing,Approved,495.00,,,06/28/2023 16:33,," 4604 Southern Parkway - A4, UNIT A4 Louisville, KY 40214",https://app.propertymeld.com/1912/m/1912/melds/payments/1486628/summary/
TTT2RMM,Dixie Plumbing,Approved,392.00,,,06/28/2023 16:36,," 222 Mud Hen Drive, UNIT 1 Shepherdsville, KY 40165",https://app.propertymeld.com/1912/m/1912/melds/payments/1486643/summary/
T47ECAEB,Dixie Plumbing,Approved,298.00,,,06/28/2023 16:38,," 639 Merwin Avenue, UNIT 1 Louisville, KY 40217",https://app.propertymeld.com/1912/m/1912/melds/payments/1486648/summary/
TIMNJTCB,Mingus Electric llc,Approved,398.00,"Removed multiple devices to repair wiring and connections to devices, labeled circuit",,06/28/2023 23:24,," 3339 Taylor Boulevard - 2, UNIT 2 Louisville, KY 40215",https://app.propertymeld.com/1912/m/1912/melds/payments/1487455/summary/
T83V8U6,Dixie Plumbing,Approved,498.00,,,06/29/2023 13:09,," 2515 Dixie Highway - 4, UNIT 4 Shively, KY 40216",https://app.propertymeld.com/1912/m/1912/melds/payments/1488686/summary/
T7MBADJ,Dixie Plumbing,Approved,252.00,,,06/29/2023 13:12,," 402 North Hite Avenue, UNIT 5A Louisville, KY 40206",https://app.propertymeld.com/1912/m/1912/melds/payments/1488704/summary/
TNFG32F,Dixie Plumbing,Approved,267.00,,,06/29/2023 14:16,," 2209 7th Street Road - 1, UNIT 1 Louisville, KY 40208",https://app.propertymeld.com/1912/m/1912/melds/payments/1488983/summary/
TAMYM0K,Mingus Electric llc,Approved,393.00,"4903 Saddlebrooke Ln Unit 6
7/1/23 1:30 p.m. - 3:15 p.m.
Switch boxes in Living Room/ Kitchen wired in correctly. New connections made, switched outlet burnt up. Plates caulked to walls used razorblade to remove, replaced with Jumbo plates to hide existing wall damage. Entire Unit checked out, everything is powered up and working.
Remaining Issues Found-
-Bed 1 Closet light gets power, pull chain mechanism broken. 

(2) Jumbo outlet wall plates
(1) Duplex receptacle 
(1) 1G Jumbo Switch wall plate",,07/01/2023 15:18,," 4903 Saddlebrook Lane - 6, UNIT 6 Louisville, KY 40216",https://app.propertymeld.com/1912/m/1912/melds/payments/1493156/summary/
TH6DVMGB,Complete Landscaping & Lighting,Approved,985.00,,,07/03/2023 22:29,," 12511 East Orell Road - 1, UNIT 1 Louisville, KY 40272",https://app.propertymeld.com/1912/m/1912/melds/payments/1496182/summary/
